executorCores,executorMemory,memoryFraction,memoryStorageFraction,defaultParallelism,shuffleCompress,shuffleSpillCompress,broadcastCompress,rddCompress,ioCompressionCodec,reducerMaxSizeInFlight,shuffleFileBuffer,serializer,PERF
2,1560,0.23252178762397602,0.898203820695329,4,false,false,false,true,lz4,74,40,org.apache.spark.serializer.KryoSerializer,706.0
3,2418,0.5054989505453048,0.8316792485022718,6,true,true,false,true,snappy,38,10,org.apache.spark.serializer.KryoSerializer,952.0
1,1498,0.16073512265925205,0.6954965651659981,8,true,true,true,false,snappy,77,36,org.apache.spark.serializer.JavaSerializer,402.0
1,1904,0.2129451535319646,0.5017098639575482,8,true,false,false,false,lz4,70,33,org.apache.spark.serializer.JavaSerializer,471.0
1,3238,0.5706774314348707,0.4709355253580967,5,false,true,true,true,snappy,23,47,org.apache.spark.serializer.JavaSerializer,707.0
3,3392,0.7944839846624915,0.629972549537914,5,false,true,true,true,lzf,71,47,org.apache.spark.serializer.KryoSerializer,1021.0
1,2504,0.12881698164280764,0.5282917363493368,1,false,false,false,false,lzf,88,62,org.apache.spark.serializer.JavaSerializer,638.0
1,1185,0.32756949348213116,0.47066427229730545,4,true,true,true,true,lz4,54,56,org.apache.spark.serializer.JavaSerializer,405.0
4,2387,0.10233447346273278,0.8138478919630653,11,false,false,false,false,lz4,15,28,org.apache.spark.serializer.KryoSerializer,988.0
3,1972,0.7001144362860108,0.7991040651899977,2,true,false,false,false,snappy,21,46,org.apache.spark.serializer.KryoSerializer,996.0
1,3057,0.49227997530807643,0.6350858346722194,10,false,true,true,true,snappy,28,58,org.apache.spark.serializer.KryoSerializer,660.0
4,1735,0.19643489135201123,0.3393064772575658,1,false,true,false,false,lz4,13,30,org.apache.spark.serializer.KryoSerializer,1025.0
1,1883,0.3518384499649819,0.2898868648288093,8,false,true,false,false,lzf,56,54,org.apache.spark.serializer.JavaSerializer,479.0
2,2446,0.264198630336935,0.8483958426361035,4,false,false,true,true,lzf,65,16,org.apache.spark.serializer.KryoSerializer,704.0
3,2766,0.8314141530713135,0.8252374614592762,11,false,true,false,true,lz4,89,61,org.apache.spark.serializer.JavaSerializer,976.0
4,2400,0.20444037846047466,0.5120026411844106,6,true,true,false,true,snappy,52,45,org.apache.spark.serializer.KryoSerializer,979.0
2,1123,0.43618035211982065,0.21597986649269105,10,false,false,true,false,lz4,54,34,org.apache.spark.serializer.KryoSerializer,671.0
2,2455,0.6211146329801933,0.585910829120418,3,false,true,true,true,lz4,95,13,org.apache.spark.serializer.JavaSerializer,736.0
4,1436,0.19859725655333307,0.11379866887678292,3,true,false,true,true,snappy,10,61,org.apache.spark.serializer.KryoSerializer,983.0
1,1626,0.3169046211061429,0.8978450595166646,12,false,true,true,true,snappy,22,63,org.apache.spark.serializer.JavaSerializer,298.0
4,2219,0.6555497765525925,0.894164284907299,9,false,false,false,false,lz4,84,35,org.apache.spark.serializer.JavaSerializer,1015.0
3,1644,0.31795030893390736,0.5685645264667708,12,false,true,false,false,snappy,24,50,org.apache.spark.serializer.KryoSerializer,835.0
1,2393,0.7006238999991415,0.45539304440150363,8,false,true,true,true,lzf,50,35,org.apache.spark.serializer.KryoSerializer,683.0
2,3604,0.45271376096891436,0.3405215351910078,4,true,true,true,true,lz4,61,57,org.apache.spark.serializer.KryoSerializer,956.0
2,1610,0.7527267546644033,0.3231257711526109,11,true,false,false,true,lz4,11,48,org.apache.spark.serializer.KryoSerializer,620.0
4,3740,0.33720526309890986,0.48542701749269335,5,false,true,false,false,snappy,88,27,org.apache.spark.serializer.KryoSerializer,1008.0
2,2766,0.4415993316607646,0.287361148295543,9,true,true,true,true,lz4,94,50,org.apache.spark.serializer.JavaSerializer,634.0
4,3098,0.49941500885849655,0.4042355522545147,11,true,true,true,true,lz4,31,42,org.apache.spark.serializer.KryoSerializer,936.0
1,3086,0.2141183612329054,0.7471563636641796,12,true,false,true,false,lzf,68,63,org.apache.spark.serializer.JavaSerializer,596.0
4,2205,0.6769943057390477,0.12627066508453197,4,false,true,false,false,lzf,41,48,org.apache.spark.serializer.JavaSerializer,976.0
1,2128,0.4156636464750636,0.7499842281708954,2,false,true,false,true,snappy,85,28,org.apache.spark.serializer.JavaSerializer,550.0
2,2129,0.6117942938892985,0.3075662832583923,11,true,false,true,true,snappy,19,47,org.apache.spark.serializer.JavaSerializer,710.0
4,1704,0.44617046647668934,0.593109193016985,5,false,true,false,false,lz4,80,14,org.apache.spark.serializer.KryoSerializer,985.0
2,3526,0.6701152467942114,0.32492761649143553,8,true,false,true,true,lzf,25,29,org.apache.spark.serializer.JavaSerializer,923.0
2,2796,0.4136219513018452,0.7475045555566782,3,false,false,true,false,lz4,59,49,org.apache.spark.serializer.KryoSerializer,730.0
1,2338,0.8254795402026242,0.11635782340412258,7,true,true,false,false,lz4,80,35,org.apache.spark.serializer.JavaSerializer,668.0
3,2933,0.23925739160148485,0.8409765279697119,7,false,true,true,true,lz4,61,19,org.apache.spark.serializer.KryoSerializer,986.0
3,3215,0.7204556499352127,0.6574363170080322,4,false,false,true,true,lz4,54,11,org.apache.spark.serializer.KryoSerializer,798.0
3,2807,0.26797734045352933,0.1920517484788678,1,true,false,true,false,lz4,90,34,org.apache.spark.serializer.KryoSerializer,1012.0
3,2755,0.3456725656808282,0.31369292305871166,4,false,true,true,true,snappy,96,15,org.apache.spark.serializer.KryoSerializer,945.0
4,1766,0.8682777478374065,0.4489182524751937,9,true,true,false,false,lz4,70,27,org.apache.spark.serializer.KryoSerializer,933.0
4,2400,0.21062783863564585,0.3997677438276267,2,true,true,false,true,lzf,58,13,org.apache.spark.serializer.KryoSerializer,1010.0
4,1251,0.8815148621385188,0.15934832797823725,2,false,true,true,false,snappy,96,58,org.apache.spark.serializer.JavaSerializer,1008.0
4,2374,0.2401958783910396,0.4027655228810968,4,false,false,true,true,lz4,32,64,org.apache.spark.serializer.KryoSerializer,971.0
4,2816,0.7262425769677213,0.4360004956897211,10,true,true,false,true,lz4,56,26,org.apache.spark.serializer.JavaSerializer,928.0
4,2125,0.8805837687162679,0.10104187103034362,7,true,false,true,false,lzf,64,15,org.apache.spark.serializer.JavaSerializer,993.0
1,1881,0.7605111585968086,0.35250419912167874,8,false,false,false,false,snappy,76,21,org.apache.spark.serializer.KryoSerializer,473.0
3,2242,0.3404575391596597,0.6810141496805412,6,true,false,false,false,lz4,36,24,org.apache.spark.serializer.KryoSerializer,1008.0
4,2477,0.6479285097271337,0.18109024284843117,12,false,true,false,false,lzf,29,35,org.apache.spark.serializer.JavaSerializer,895.0
4,3654,0.5725691785710992,0.7758766457974452,9,true,false,true,false,lzf,38,20,org.apache.spark.serializer.JavaSerializer,971.0
4,2823,0.5278499141753187,0.47812974639505434,8,true,false,false,false,lzf,34,63,org.apache.spark.serializer.KryoSerializer,1003.0
1,1544,0.7746347245863617,0.3808901216621511,5,true,true,true,true,lz4,22,64,org.apache.spark.serializer.JavaSerializer,369.0
3,2727,0.572271846543449,0.11309526086893894,7,true,true,false,true,lzf,10,19,org.apache.spark.serializer.KryoSerializer,989.0
1,2672,0.6739232964296764,0.3004213759984036,10,false,false,false,false,lz4,91,8,org.apache.spark.serializer.JavaSerializer,682.0
4,1274,0.12116477364448502,0.7294891106033995,9,true,false,false,false,lz4,86,36,org.apache.spark.serializer.JavaSerializer,902.0
2,2697,0.6547145184376384,0.28312854127411125,7,false,false,false,false,snappy,71,50,org.apache.spark.serializer.KryoSerializer,649.0
3,1288,0.2668695362032401,0.3435192521307504,12,true,false,true,true,snappy,89,49,org.apache.spark.serializer.KryoSerializer,947.0
1,1244,0.43684975327935804,0.4589712049045803,5,true,true,false,true,lzf,61,40,org.apache.spark.serializer.JavaSerializer,380.0
2,3563,0.2561298917177611,0.5893116828065937,4,true,true,true,false,lzf,21,19,org.apache.spark.serializer.KryoSerializer,1026.0
1,2625,0.5254313137576778,0.696683954731409,7,true,false,true,true,lz4,28,30,org.apache.spark.serializer.JavaSerializer,696.0
4,1069,0.8372828345896591,0.14326310162684708,8,false,true,false,true,lzf,95,30,org.apache.spark.serializer.KryoSerializer,1034.0
3,1783,0.4039842107634133,0.40456324368264396,12,false,false,true,false,snappy,31,20,org.apache.spark.serializer.JavaSerializer,777.0
1,2506,0.190452049292764,0.591929796004463,7,false,true,false,false,lzf,62,37,org.apache.spark.serializer.KryoSerializer,681.0
2,3954,0.4676861419994759,0.2164319051899323,4,true,false,false,false,lz4,36,37,org.apache.spark.serializer.JavaSerializer,929.0
2,2733,0.4270456956008867,0.6063652489635531,9,true,true,false,true,snappy,20,58,org.apache.spark.serializer.JavaSerializer,633.0
1,3424,0.5264407383888602,0.30677063622153655,5,true,false,false,true,lzf,51,22,org.apache.spark.serializer.JavaSerializer,993.0
1,1066,0.1629514985969145,0.27267126274763465,9,false,true,true,true,lzf,18,61,org.apache.spark.serializer.KryoSerializer,386.0
2,2131,0.8966361899277769,0.5357926649501628,3,false,false,true,true,lz4,50,12,org.apache.spark.serializer.JavaSerializer,660.0
4,2566,0.4945099239270505,0.24203226634906924,1,true,true,false,true,lzf,39,24,org.apache.spark.serializer.JavaSerializer,1041.0
3,1808,0.6606599680387887,0.49053495072831255,8,false,true,true,true,lz4,68,48,org.apache.spark.serializer.JavaSerializer,859.0
4,3361,0.8594107804001354,0.5131233262110056,6,false,true,true,true,lzf,92,27,org.apache.spark.serializer.KryoSerializer,936.0
1,3614,0.14606470259925253,0.8948993805471993,5,true,false,false,false,lzf,43,24,org.apache.spark.serializer.KryoSerializer,920.0
1,3342,0.3890546307607897,0.6075483674693323,9,true,true,false,true,lz4,34,24,org.apache.spark.serializer.JavaSerializer,701.0
2,1784,0.36347948983558076,0.49583534510926874,6,true,true,true,false,lzf,80,61,org.apache.spark.serializer.JavaSerializer,559.0
3,1586,0.5046880964840015,0.8120101109039396,8,false,true,false,true,lz4,24,23,org.apache.spark.serializer.KryoSerializer,950.0
3,2881,0.21526578121993226,0.1347961728614906,12,false,false,false,false,lz4,37,49,org.apache.spark.serializer.JavaSerializer,970.0
1,2288,0.3038957038039718,0.8864349217022361,6,false,true,true,true,lzf,40,48,org.apache.spark.serializer.KryoSerializer,622.0
2,2216,0.7114919800897787,0.1315343718599018,6,false,true,false,false,lz4,84,15,org.apache.spark.serializer.JavaSerializer,689.0
4,1292,0.5784103767914347,0.43473894481152564,6,true,true,true,false,lz4,10,33,org.apache.spark.serializer.JavaSerializer,972.0
1,2129,0.2703946747457402,0.5930452361951767,10,false,false,true,true,snappy,41,18,org.apache.spark.serializer.KryoSerializer,507.0
4,3115,0.23935612137483925,0.5443985598068889,8,false,false,false,false,lz4,79,44,org.apache.spark.serializer.KryoSerializer,979.0
2,2699,0.1458038548557924,0.48040565874208196,10,false,false,false,false,lzf,60,10,org.apache.spark.serializer.KryoSerializer,627.0
1,1831,0.31132784075256703,0.25510161085106065,2,true,false,true,true,lz4,11,61,org.apache.spark.serializer.KryoSerializer,495.0
4,1615,0.4313091357482025,0.1593471428192455,8,false,true,true,true,lz4,65,24,org.apache.spark.serializer.KryoSerializer,978.0
2,2511,0.5340359426520708,0.11035473838350765,3,false,true,true,false,lzf,69,24,org.apache.spark.serializer.JavaSerializer,692.0
1,2670,0.3623117047791262,0.1338784257749567,12,true,true,false,true,snappy,91,15,org.apache.spark.serializer.KryoSerializer,686.0
4,2650,0.8474181408816451,0.25143641640594155,6,false,true,false,true,lzf,11,56,org.apache.spark.serializer.JavaSerializer,1031.0
2,3507,0.8224914591616997,0.4046552147792176,5,false,false,false,true,snappy,88,26,org.apache.spark.serializer.KryoSerializer,985.0
3,2985,0.42342037433679236,0.8541432672405626,9,true,false,false,false,lzf,15,46,org.apache.spark.serializer.JavaSerializer,981.0
1,3193,0.31031240653954606,0.7052281892201516,12,true,false,true,true,lz4,39,15,org.apache.spark.serializer.JavaSerializer,644.0
4,1873,0.6331503555797947,0.28838902935722405,10,true,false,false,false,snappy,57,18,org.apache.spark.serializer.JavaSerializer,978.0
2,1599,0.6201419139735098,0.35825933238949703,2,false,true,true,true,lzf,68,52,org.apache.spark.serializer.KryoSerializer,681.0
2,1812,0.7270038349695054,0.7653602697958733,12,false,false,true,false,lzf,25,32,org.apache.spark.serializer.KryoSerializer,687.0
2,2323,0.8473237496338982,0.16628759917899372,7,true,false,false,true,snappy,57,47,org.apache.spark.serializer.KryoSerializer,744.0
4,2356,0.8285033407537886,0.4612778958155451,3,false,false,true,false,lzf,64,34,org.apache.spark.serializer.KryoSerializer,935.0
2,1533,0.435030455711956,0.3753538629248918,6,true,true,false,false,snappy,86,57,org.apache.spark.serializer.KryoSerializer,776.0
1,1247,0.2624193580406405,0.16395730685691684,2,false,true,true,true,lz4,81,29,org.apache.spark.serializer.JavaSerializer,433.0
2,3721,0.6316477725707181,0.26266111967486216,3,false,true,false,false,lzf,25,52,org.apache.spark.serializer.KryoSerializer,1013.0
3,2017,0.3770398337290638,0.35537530354560276,10,false,false,true,true,lzf,55,40,org.apache.spark.serializer.KryoSerializer,773.0
3,2236,0.7423885272269866,0.6300489022535984,3,true,true,false,true,lzf,77,16,org.apache.spark.serializer.KryoSerializer,991.0
4,3946,0.1719885864594609,0.6899624221689639,5,false,true,false,false,lzf,36,63,org.apache.spark.serializer.JavaSerializer,932.0
1,2763,0.8058331764543825,0.6421036938672717,1,false,false,true,true,snappy,82,32,org.apache.spark.serializer.JavaSerializer,684.0
3,3868,0.8813038161111708,0.6702350668951269,11,false,false,true,false,snappy,81,31,org.apache.spark.serializer.KryoSerializer,865.0
4,1477,0.8379069111178848,0.4720259488857472,5,true,true,true,false,snappy,94,40,org.apache.spark.serializer.JavaSerializer,984.0
2,3269,0.7812820788032167,0.746761068294811,7,false,false,true,false,snappy,61,51,org.apache.spark.serializer.KryoSerializer,715.0
1,1542,0.4838667432482222,0.32055237916025425,5,true,true,false,true,lzf,55,49,org.apache.spark.serializer.JavaSerializer,402.0
2,3985,0.6031318114501509,0.1736568372469927,5,false,true,false,false,snappy,94,50,org.apache.spark.serializer.JavaSerializer,997.0
1,2377,0.4889448953850585,0.6883027885475196,11,false,true,false,true,lz4,89,49,org.apache.spark.serializer.KryoSerializer,653.0
2,1163,0.18969761181546635,0.5532663848976384,8,true,false,true,true,lz4,15,23,org.apache.spark.serializer.JavaSerializer,661.0
3,1604,0.646434519297732,0.4051674908967955,1,true,true,false,true,lz4,94,24,org.apache.spark.serializer.KryoSerializer,984.0
1,2169,0.5015137485497076,0.8500960700565242,7,false,true,false,false,snappy,90,41,org.apache.spark.serializer.KryoSerializer,491.0
3,3167,0.1508069658440685,0.501090901106262,11,true,true,true,false,snappy,77,40,org.apache.spark.serializer.KryoSerializer,955.0
4,3002,0.26705272767163263,0.7472190548127707,5,true,false,true,false,lz4,51,15,org.apache.spark.serializer.KryoSerializer,873.0
1,3040,0.3526765631630452,0.7913729095351122,8,true,true,true,false,lz4,79,24,org.apache.spark.serializer.JavaSerializer,699.0
3,4032,0.8219723799111681,0.8101200389227928,11,false,false,false,true,snappy,23,63,org.apache.spark.serializer.JavaSerializer,949.0
3,3042,0.17440708322023513,0.5587645304181094,7,false,true,false,false,lz4,43,12,org.apache.spark.serializer.KryoSerializer,905.0
3,2309,0.3915739130369791,0.6101677311824341,5,true,false,false,true,lz4,82,57,org.apache.spark.serializer.JavaSerializer,957.0
2,3024,0.5687010229403083,0.8744764757652141,11,true,false,false,true,lz4,68,30,org.apache.spark.serializer.JavaSerializer,703.0
4,3284,0.5675632692606162,0.8463552476736743,12,true,false,true,true,snappy,81,40,org.apache.spark.serializer.JavaSerializer,955.0
4,2826,0.5988470532558872,0.29357053180624604,12,true,false,false,true,lzf,25,50,org.apache.spark.serializer.KryoSerializer,782.0
2,3354,0.6846962956385182,0.12953010164753964,7,true,false,true,true,snappy,22,22,org.apache.spark.serializer.KryoSerializer,688.0
1,1532,0.7286489164798625,0.7794253211390255,11,false,true,true,true,snappy,85,43,org.apache.spark.serializer.JavaSerializer,391.0
4,1911,0.486233717340259,0.7078400819958445,11,false,false,true,true,lz4,66,50,org.apache.spark.serializer.KryoSerializer,981.0
2,2603,0.886075285943939,0.8569175720580663,8,false,false,false,false,lzf,29,35,org.apache.spark.serializer.KryoSerializer,680.0
3,3639,0.35480388451100375,0.7895468491371992,4,true,false,true,true,lzf,36,10,org.apache.spark.serializer.KryoSerializer,1008.0
3,3691,0.8809280529749443,0.7270871079037869,3,true,false,false,false,lzf,11,52,org.apache.spark.serializer.KryoSerializer,958.0
2,3662,0.1324205428024266,0.6555090855147293,12,true,true,false,true,lz4,52,27,org.apache.spark.serializer.JavaSerializer,950.0
4,1543,0.44091343528524973,0.7495669633541634,8,true,true,false,true,lzf,74,12,org.apache.spark.serializer.JavaSerializer,845.0
4,2113,0.5800319666308554,0.8270578047864604,1,false,false,true,true,lzf,58,32,org.apache.spark.serializer.JavaSerializer,990.0
2,3298,0.41949285804496717,0.7852366586216704,10,true,true,false,false,lzf,27,58,org.apache.spark.serializer.KryoSerializer,616.0
2,3472,0.7427869270191684,0.6918094920309746,3,true,false,true,false,snappy,16,23,org.apache.spark.serializer.JavaSerializer,995.0
2,1894,0.10034682783173797,0.5193014613491477,7,true,false,true,true,snappy,55,33,org.apache.spark.serializer.KryoSerializer,682.0
4,1584,0.3605360202443314,0.18222470522793213,12,true,true,false,false,lz4,41,28,org.apache.spark.serializer.KryoSerializer,964.0
3,4048,0.8819602001634362,0.4040392641740248,12,false,false,true,false,lzf,85,9,org.apache.spark.serializer.JavaSerializer,865.0
2,3421,0.2247575771732854,0.5250028131042875,2,false,true,false,true,lz4,76,58,org.apache.spark.serializer.KryoSerializer,941.0
1,3874,0.3563276677818419,0.6101881735998325,1,false,true,true,true,lzf,51,59,org.apache.spark.serializer.JavaSerializer,956.0
4,2664,0.8006481928185671,0.2814329753611975,2,false,true,false,false,lz4,47,56,org.apache.spark.serializer.KryoSerializer,972.0
4,3716,0.8657101975761369,0.7395051264834164,10,true,false,false,true,lzf,31,63,org.apache.spark.serializer.JavaSerializer,982.0
3,2800,0.40274888237302464,0.5291494823106143,11,true,true,true,false,lz4,94,61,org.apache.spark.serializer.JavaSerializer,1009.0
4,2480,0.2787552375356748,0.3203976744325129,10,true,false,false,false,snappy,55,26,org.apache.spark.serializer.JavaSerializer,927.0
4,1133,0.5075251133958653,0.48813585797388126,4,true,true,true,true,lzf,13,46,org.apache.spark.serializer.JavaSerializer,966.0
4,1246,0.6136587283313006,0.8397735832547796,11,false,true,false,false,lzf,19,11,org.apache.spark.serializer.KryoSerializer,950.0
2,1709,0.3841583883868871,0.41304139812504326,4,true,false,true,true,lzf,46,26,org.apache.spark.serializer.KryoSerializer,705.0
2,2250,0.6623587756033115,0.175293587601971,8,true,false,false,false,lzf,43,12,org.apache.spark.serializer.KryoSerializer,693.0
3,3680,0.5477969069141343,0.5344917836339763,12,false,true,true,false,snappy,32,25,org.apache.spark.serializer.KryoSerializer,943.0
3,2935,0.3318303255086862,0.5313899532965934,2,true,false,true,true,lzf,54,8,org.apache.spark.serializer.KryoSerializer,1004.0
3,1868,0.5476528681425824,0.47880755591446567,6,false,true,true,true,snappy,70,54,org.apache.spark.serializer.JavaSerializer,907.0
2,3168,0.783539443758971,0.6423492884865475,7,true,true,true,true,lzf,22,12,org.apache.spark.serializer.KryoSerializer,684.0
2,3028,0.3663203436934459,0.5061259839428046,10,true,true,true,false,snappy,47,35,org.apache.spark.serializer.JavaSerializer,723.0
2,2660,0.3747561117685839,0.39796488567208577,8,false,false,true,false,lz4,43,15,org.apache.spark.serializer.KryoSerializer,800.0
3,2237,0.5469548545603015,0.5646214362400189,9,false,false,false,false,snappy,25,32,org.apache.spark.serializer.JavaSerializer,994.0
2,1769,0.1658503084827389,0.6301018526713471,9,false,false,false,false,snappy,17,55,org.apache.spark.serializer.JavaSerializer,572.0
4,3877,0.7319473661639131,0.11792888187309264,11,false,true,false,true,lzf,15,35,org.apache.spark.serializer.JavaSerializer,1073.0
2,2609,0.2925976154535095,0.17328831372841647,8,true,false,true,false,lz4,13,63,org.apache.spark.serializer.KryoSerializer,602.0
3,3968,0.8462282716662209,0.5349013617554026,3,false,true,false,true,lzf,72,46,org.apache.spark.serializer.JavaSerializer,1010.0
4,1416,0.8610047738649761,0.24203926845280838,12,true,false,true,true,lz4,33,46,org.apache.spark.serializer.KryoSerializer,809.0
3,2416,0.21100370015977044,0.7734478037614617,4,false,true,false,false,lzf,58,12,org.apache.spark.serializer.JavaSerializer,999.0
3,2169,0.1634082064112225,0.5171468607723418,5,false,false,false,true,lz4,33,11,org.apache.spark.serializer.KryoSerializer,997.0
1,1155,0.386034155994292,0.8172291255724894,10,true,false,true,false,lz4,79,15,org.apache.spark.serializer.JavaSerializer,427.0
3,3032,0.4215344578876573,0.24814403875673935,4,true,true,true,false,lzf,61,64,org.apache.spark.serializer.KryoSerializer,985.0
4,1603,0.821790395460212,0.12915920377424223,11,false,false,false,false,lz4,28,23,org.apache.spark.serializer.JavaSerializer,960.0
1,2855,0.621890353699141,0.8138394609082257,2,false,true,true,true,lz4,39,30,org.apache.spark.serializer.JavaSerializer,732.0
4,2677,0.6468997954845519,0.5934165352695551,6,true,true,true,false,lzf,38,12,org.apache.spark.serializer.JavaSerializer,1015.0
1,2501,0.1311863665263048,0.4745304452062534,7,true,false,false,true,lz4,40,24,org.apache.spark.serializer.KryoSerializer,638.0
1,3332,0.7059390262309203,0.57925021057683,7,true,true,false,true,lz4,30,34,org.apache.spark.serializer.KryoSerializer,707.0
4,2532,0.5323204867624696,0.6694943287341825,1,false,false,false,true,lz4,74,13,org.apache.spark.serializer.KryoSerializer,1006.0
4,1725,0.7061840186480475,0.14016504027846308,10,false,true,false,false,lz4,78,21,org.apache.spark.serializer.JavaSerializer,829.0
4,2771,0.36237670141403977,0.4598141968675328,3,true,true,true,false,lzf,41,33,org.apache.spark.serializer.KryoSerializer,981.0
2,1170,0.6865309585759467,0.795032727101026,1,true,true,true,false,snappy,85,23,org.apache.spark.serializer.JavaSerializer,739.0
2,1951,0.31305370237406827,0.5268581056909251,1,false,false,true,true,lz4,9,12,org.apache.spark.serializer.KryoSerializer,768.0
1,2359,0.25589446515331044,0.7850462360275455,10,false,true,true,true,lzf,17,21,org.apache.spark.serializer.KryoSerializer,650.0
3,3649,0.347019044610653,0.660813967246312,3,false,false,false,true,snappy,82,27,org.apache.spark.serializer.JavaSerializer,1014.0
4,1840,0.40210029074057807,0.1261095929988251,4,false,true,false,true,snappy,72,20,org.apache.spark.serializer.KryoSerializer,985.0
4,2604,0.36914830943273313,0.5016034483154211,5,false,true,false,true,snappy,46,47,org.apache.spark.serializer.JavaSerializer,982.0
2,2406,0.7077439839026362,0.8484825888211094,1,true,true,false,true,snappy,38,48,org.apache.spark.serializer.KryoSerializer,673.0
2,3628,0.14833833087016954,0.5657235819887912,2,false,false,false,true,lz4,51,22,org.apache.spark.serializer.JavaSerializer,990.0
4,3748,0.5718483331312764,0.8960425261450763,10,true,true,true,false,snappy,20,39,org.apache.spark.serializer.KryoSerializer,897.0
2,3688,0.6361154531216153,0.543672133164665,6,false,true,true,true,snappy,23,59,org.apache.spark.serializer.JavaSerializer,952.0
2,2009,0.6779178513941592,0.8033202118392535,9,true,true,false,true,lz4,39,46,org.apache.spark.serializer.JavaSerializer,682.0
4,3992,0.41618414640718926,0.23348522054139398,3,false,true,true,false,snappy,38,24,org.apache.spark.serializer.KryoSerializer,1018.0
3,2901,0.49088056259921287,0.8478780876833117,3,false,true,true,false,snappy,20,16,org.apache.spark.serializer.JavaSerializer,778.0
3,2846,0.7029858553569708,0.287879853555489,4,true,false,false,false,lz4,8,60,org.apache.spark.serializer.KryoSerializer,993.0
4,2829,0.5511002836708607,0.5448444495600578,1,true,true,false,true,lzf,14,50,org.apache.spark.serializer.JavaSerializer,981.0
2,1306,0.2674321835701794,0.43541874762583044,2,false,true,true,false,lz4,50,18,org.apache.spark.serializer.KryoSerializer,715.0
3,1567,0.3852042500659073,0.5025934393498258,12,false,true,true,true,snappy,84,20,org.apache.spark.serializer.JavaSerializer,926.0
1,3861,0.8798447085201916,0.37952164739515903,11,true,false,true,false,lz4,26,30,org.apache.spark.serializer.KryoSerializer,790.0
1,1966,0.7625589370928857,0.16263046534320857,2,false,false,true,true,lz4,63,37,org.apache.spark.serializer.KryoSerializer,485.0
1,3230,0.48588755170303377,0.7348792738028745,5,true,false,true,true,lzf,38,16,org.apache.spark.serializer.KryoSerializer,735.0
1,3404,0.8873448156940843,0.84169135759243,2,false,true,false,true,snappy,47,57,org.apache.spark.serializer.JavaSerializer,1064.0
4,1350,0.19473255021811334,0.16842015102078306,5,true,true,false,false,lzf,37,42,org.apache.spark.serializer.KryoSerializer,899.0
3,3039,0.6369131805313031,0.21579720902063004,11,true,false,true,false,lzf,23,44,org.apache.spark.serializer.KryoSerializer,949.0
4,1433,0.21291733560939738,0.6078646117862978,4,false,true,true,true,lz4,76,63,org.apache.spark.serializer.JavaSerializer,975.0
3,1782,0.6646427368781513,0.5088589039625594,3,false,false,true,false,lz4,91,8,org.apache.spark.serializer.KryoSerializer,1029.0
3,2876,0.4502981209043093,0.20976175034839592,9,true,false,true,true,snappy,24,53,org.apache.spark.serializer.JavaSerializer,999.0
4,1365,0.5243726879504602,0.6226309746452656,11,true,true,true,false,lzf,32,47,org.apache.spark.serializer.JavaSerializer,926.0
2,3336,0.5005535243477283,0.3756696558049648,1,true,true,true,true,lz4,60,52,org.apache.spark.serializer.JavaSerializer,731.0
2,2239,0.5177950123516266,0.3065392714832956,3,false,true,false,true,lzf,95,32,org.apache.spark.serializer.KryoSerializer,723.0
3,2057,0.7566277707660815,0.5975371459997668,3,false,true,true,false,lzf,58,30,org.apache.spark.serializer.KryoSerializer,995.0
2,2035,0.2971040785528887,0.3103545725878818,12,false,false,false,false,lz4,54,58,org.apache.spark.serializer.JavaSerializer,690.0
1,2085,0.723184088696258,0.31644677947221506,9,false,true,true,false,snappy,51,14,org.apache.spark.serializer.KryoSerializer,518.0
1,2972,0.5249743719950736,0.40127546944153525,8,true,true,false,false,snappy,87,18,org.apache.spark.serializer.KryoSerializer,681.0
2,4028,0.5593916500480377,0.562759771494708,8,true,true,true,false,lzf,67,48,org.apache.spark.serializer.JavaSerializer,999.0
1,3633,0.7728809394559987,0.7405902968617559,5,false,true,true,false,lzf,22,17,org.apache.spark.serializer.JavaSerializer,804.0
1,2664,0.23091208035789298,0.8228858048909363,3,true,false,false,true,lzf,45,11,org.apache.spark.serializer.KryoSerializer,718.0
2,1091,0.1433235298192142,0.6536681109145066,5,true,false,false,true,lzf,66,14,org.apache.spark.serializer.KryoSerializer,700.0
1,2569,0.5713578714228587,0.5722584540839974,7,true,true,true,true,lzf,31,9,org.apache.spark.serializer.KryoSerializer,692.0
1,3140,0.1992299573504635,0.545338333784166,5,false,true,true,false,lzf,75,25,org.apache.spark.serializer.JavaSerializer,681.0
4,1305,0.7654921986511279,0.2186729464316537,6,false,true,false,true,lz4,32,12,org.apache.spark.serializer.KryoSerializer,989.0
3,3304,0.11745316055925477,0.25667351418795753,7,false,false,true,true,snappy,11,11,org.apache.spark.serializer.JavaSerializer,775.0
1,3368,0.7776706938229477,0.8251588230926985,2,false,false,true,false,snappy,71,37,org.apache.spark.serializer.JavaSerializer,708.0
2,2925,0.8939843666032935,0.6562442927829958,5,false,false,false,true,snappy,65,36,org.apache.spark.serializer.KryoSerializer,723.0
4,2965,0.35606606720265976,0.6693261483790502,3,false,false,true,true,snappy,50,40,org.apache.spark.serializer.KryoSerializer,1013.0
3,2485,0.5184776696401937,0.49027402596784053,12,false,true,false,false,snappy,70,51,org.apache.spark.serializer.KryoSerializer,754.0
3,3339,0.6524123789568245,0.8674594419348184,7,true,true,false,false,lzf,15,43,org.apache.spark.serializer.JavaSerializer,1013.0
2,2179,0.5650359290659398,0.2530323850437969,8,true,true,false,true,lzf,35,15,org.apache.spark.serializer.JavaSerializer,669.0
1,1819,0.6822359638172065,0.8719809258015274,6,true,false,false,false,snappy,31,26,org.apache.spark.serializer.KryoSerializer,486.0
3,4054,0.7714848215835409,0.2585939321217092,6,true,false,false,true,lz4,58,9,org.apache.spark.serializer.KryoSerializer,998.0
4,2580,0.308601178811297,0.8095773687229956,6,false,false,false,true,lz4,23,44,org.apache.spark.serializer.KryoSerializer,1025.0
1,2830,0.4160742075043603,0.52132653433054,7,true,true,false,false,lzf,11,63,org.apache.spark.serializer.JavaSerializer,675.0
1,2123,0.17156199506631653,0.5686181508750975,10,false,true,true,false,lzf,20,12,org.apache.spark.serializer.JavaSerializer,498.0
2,2846,0.3243346444104668,0.3012439548746686,9,true,false,false,false,snappy,77,39,org.apache.spark.serializer.KryoSerializer,708.0
2,3735,0.8298017226999584,0.2878992092538196,7,true,false,false,true,snappy,24,9,org.apache.spark.serializer.KryoSerializer,985.0
3,3302,0.24244954285649253,0.7141309429005808,10,true,true,false,false,snappy,88,43,org.apache.spark.serializer.JavaSerializer,877.0
2,2491,0.21544473914755313,0.5689376063458453,10,false,true,true,true,lzf,13,24,org.apache.spark.serializer.JavaSerializer,669.0
1,3871,0.45516998924719143,0.20988150078954765,1,false,false,false,true,lzf,94,46,org.apache.spark.serializer.JavaSerializer,998.0
4,4020,0.689891690683651,0.8554026281896842,10,false,false,false,false,snappy,48,49,org.apache.spark.serializer.KryoSerializer,831.0
1,2392,0.47594052731005276,0.6599713419559696,12,false,true,true,false,lz4,14,17,org.apache.spark.serializer.KryoSerializer,676.0
1,3953,0.8989736320280914,0.830645263635173,10,false,true,false,true,lz4,26,60,org.apache.spark.serializer.KryoSerializer,793.0
4,2519,0.7708330586238894,0.14599342918558778,9,false,false,false,false,lz4,38,51,org.apache.spark.serializer.JavaSerializer,995.0
3,2069,0.15837713457347144,0.48732954268158746,12,true,false,true,false,lzf,35,60,org.apache.spark.serializer.KryoSerializer,971.0
2,1801,0.6496152520820183,0.18186194263172137,10,true,false,true,false,lzf,68,12,org.apache.spark.serializer.KryoSerializer,636.0
3,3721,0.5952450979675389,0.2336124597270123,12,true,true,false,false,lzf,68,11,org.apache.spark.serializer.KryoSerializer,938.0
3,3413,0.4854473673452986,0.8255439055713247,3,false,true,true,true,lz4,69,25,org.apache.spark.serializer.KryoSerializer,934.0
3,3282,0.20980810143591305,0.5538818355582582,10,true,true,false,true,lz4,87,45,org.apache.spark.serializer.KryoSerializer,939.0
1,1691,0.5165151803202185,0.2404894416368265,6,false,true,true,true,snappy,93,27,org.apache.spark.serializer.KryoSerializer,372.0
1,3882,0.6605970769502176,0.6588684937724101,5,true,true,true,true,lzf,14,15,org.apache.spark.serializer.KryoSerializer,954.0
4,2195,0.28041286069033977,0.4343012484023142,6,true,false,false,true,lzf,15,23,org.apache.spark.serializer.JavaSerializer,970.0
3,2832,0.14864293865148276,0.8399022883467098,9,false,true,false,true,snappy,20,9,org.apache.spark.serializer.JavaSerializer,936.0
3,1705,0.6491730599719918,0.33835989836474295,7,false,true,true,false,snappy,40,26,org.apache.spark.serializer.JavaSerializer,949.0
4,1994,0.20782616861770045,0.6419872910695958,12,true,false,true,false,snappy,12,48,org.apache.spark.serializer.KryoSerializer,933.0
3,3215,0.7464333757030465,0.5076756471227395,3,true,true,false,true,lz4,43,57,org.apache.spark.serializer.JavaSerializer,1025.0
2,2326,0.3051287169823579,0.38318516042693707,12,false,true,false,true,lz4,32,51,org.apache.spark.serializer.KryoSerializer,613.0
2,1212,0.5344468882173271,0.35862373814372184,10,true,false,false,true,snappy,65,55,org.apache.spark.serializer.KryoSerializer,690.0
4,1090,0.37601269528506875,0.26813917702442835,2,false,false,false,false,lz4,83,47,org.apache.spark.serializer.KryoSerializer,937.0
3,1941,0.12837187508178813,0.8859349462451952,4,true,false,false,true,snappy,89,24,org.apache.spark.serializer.JavaSerializer,844.0
3,2045,0.5791738425713207,0.5198101756940068,3,false,false,true,true,lz4,28,60,org.apache.spark.serializer.KryoSerializer,920.0
1,3675,0.6050438658813782,0.6508214711867228,10,true,true,true,false,lz4,80,48,org.apache.spark.serializer.KryoSerializer,893.0
1,3738,0.20029795862358837,0.8833717495901345,1,true,false,true,true,lzf,44,10,org.apache.spark.serializer.KryoSerializer,985.0
2,1268,0.4793949358110293,0.36844227129185514,10,false,false,true,true,snappy,90,31,org.apache.spark.serializer.JavaSerializer,652.0
3,2589,0.47599889193010314,0.6791543851743358,7,false,false,false,true,snappy,26,52,org.apache.spark.serializer.KryoSerializer,982.0
4,1852,0.8954026700570611,0.19826493674302492,8,true,false,false,true,lz4,26,51,org.apache.spark.serializer.JavaSerializer,818.0
3,2368,0.8624726759161171,0.67041211959122,10,false,true,false,false,lzf,43,12,org.apache.spark.serializer.JavaSerializer,936.0
3,3024,0.744440315309741,0.42631166891545347,8,true,true,true,false,lzf,54,17,org.apache.spark.serializer.KryoSerializer,952.0
3,3311,0.719264433673068,0.7804261134276279,8,false,true,true,false,lz4,63,17,org.apache.spark.serializer.KryoSerializer,948.0
4,3316,0.10955698153881609,0.42958982166951587,4,true,false,true,false,lz4,91,64,org.apache.spark.serializer.KryoSerializer,999.0
1,2497,0.10480573282388095,0.569539130705262,9,false,true,true,true,lzf,96,32,org.apache.spark.serializer.KryoSerializer,667.0
2,4091,0.595621209898085,0.1585701319700341,12,false,false,true,true,snappy,21,20,org.apache.spark.serializer.JavaSerializer,978.0
2,1572,0.5139574529128773,0.22340964425745327,2,false,false,false,false,lzf,92,31,org.apache.spark.serializer.JavaSerializer,646.0
3,3514,0.7610684052654467,0.5169600761293225,7,true,false,true,true,lz4,87,15,org.apache.spark.serializer.JavaSerializer,999.0
2,2211,0.3513043821169338,0.6516958891084024,3,false,true,false,true,lzf,80,30,org.apache.spark.serializer.JavaSerializer,583.0
1,2336,0.8513106884541379,0.24033465581262048,3,true,false,false,false,lz4,16,31,org.apache.spark.serializer.JavaSerializer,720.0
4,2232,0.7422076362292046,0.29357160993613496,8,false,false,true,false,lz4,12,53,org.apache.spark.serializer.JavaSerializer,1034.0
1,1257,0.6645805227411867,0.4728452404034995,11,true,true,false,false,lz4,45,24,org.apache.spark.serializer.JavaSerializer,374.0
3,2881,0.63514571412081,0.6238362941310678,11,false,false,true,true,snappy,75,29,org.apache.spark.serializer.JavaSerializer,943.0
2,2652,0.20141183135003118,0.8685693953090615,4,false,true,false,false,snappy,82,45,org.apache.spark.serializer.KryoSerializer,703.0
3,2479,0.24758179273922531,0.7528176419769815,12,false,true,true,true,lz4,58,59,org.apache.spark.serializer.KryoSerializer,921.0
3,3587,0.4980766185402008,0.20963529046922985,5,true,true,false,false,lz4,78,45,org.apache.spark.serializer.JavaSerializer,794.0
4,3568,0.17231499919948173,0.6496844329620388,2,false,false,false,true,snappy,23,37,org.apache.spark.serializer.KryoSerializer,1006.0
4,1267,0.21246393856544082,0.8346264134030403,6,true,true,false,false,lz4,13,12,org.apache.spark.serializer.JavaSerializer,917.0
1,1369,0.14522712873853827,0.17518870799340283,11,true,false,true,false,lzf,59,63,org.apache.spark.serializer.JavaSerializer,353.0
4,3423,0.5565446074529053,0.880385097839684,6,true,false,true,true,lz4,91,25,org.apache.spark.serializer.JavaSerializer,984.0
2,2728,0.6877745886815471,0.5632584071042248,11,false,false,false,false,snappy,44,23,org.apache.spark.serializer.KryoSerializer,697.0
4,3644,0.2029223957601114,0.8117087022810386,4,true,true,false,true,lzf,75,26,org.apache.spark.serializer.KryoSerializer,987.0
4,1076,0.23439073287874124,0.17544270159139394,10,false,false,false,true,lzf,72,61,org.apache.spark.serializer.JavaSerializer,769.0
3,3188,0.22848510388548587,0.7083442956413375,6,false,true,true,true,snappy,16,48,org.apache.spark.serializer.KryoSerializer,957.0
3,2149,0.6414064216378117,0.4765031036197812,10,false,false,true,false,lzf,79,11,org.apache.spark.serializer.JavaSerializer,937.0
2,2349,0.8074008284584404,0.5087665088210244,10,true,false,false,true,lz4,46,40,org.apache.spark.serializer.KryoSerializer,659.0
4,3969,0.6612173317124121,0.6875412433630431,1,false,true,false,false,lzf,81,46,org.apache.spark.serializer.JavaSerializer,1020.0
3,3501,0.27796093668878213,0.8250229309745706,1,false,false,false,false,lz4,81,34,org.apache.spark.serializer.JavaSerializer,1027.0
2,2460,0.4909941836498003,0.7492335990111635,10,false,false,true,false,snappy,64,36,org.apache.spark.serializer.JavaSerializer,669.0
4,2302,0.3810671094773205,0.48574524875636793,9,false,false,false,true,lzf,36,11,org.apache.spark.serializer.JavaSerializer,1029.0
1,1290,0.5907172491514073,0.5604958661822254,3,true,false,true,false,lz4,11,8,org.apache.spark.serializer.KryoSerializer,443.0
2,3555,0.15825408662094873,0.11410803543944947,5,true,false,true,false,lzf,67,21,org.apache.spark.serializer.JavaSerializer,996.0
1,1861,0.2523532516356556,0.8421394826470786,8,false,false,true,true,lz4,62,8,org.apache.spark.serializer.JavaSerializer,490.0
2,2512,0.2193649997397821,0.23910006951713803,4,false,false,false,false,snappy,77,52,org.apache.spark.serializer.KryoSerializer,681.0
1,3049,0.7455795801743083,0.791140551339061,11,true,true,false,false,snappy,39,49,org.apache.spark.serializer.JavaSerializer,638.0
3,1589,0.7160194170476236,0.33409357462889455,7,true,true,true,true,snappy,9,53,org.apache.spark.serializer.JavaSerializer,976.0
1,2280,0.6711528071220291,0.44513021435242917,5,true,false,false,true,snappy,77,9,org.apache.spark.serializer.JavaSerializer,714.0
2,2240,0.3280490444088094,0.5005311810713035,5,true,true,false,true,lzf,29,13,org.apache.spark.serializer.JavaSerializer,714.0
2,1957,0.681779070353077,0.5722590281701273,10,false,false,true,true,snappy,21,54,org.apache.spark.serializer.KryoSerializer,670.0
4,3743,0.15611537137444984,0.44028061628267534,9,false,false,true,false,lzf,38,38,org.apache.spark.serializer.KryoSerializer,973.0
3,3884,0.5945652828227821,0.5063723743169072,12,false,false,true,false,lzf,26,62,org.apache.spark.serializer.KryoSerializer,905.0
2,3965,0.24469745080193192,0.24501040369994442,7,true,true,true,true,lzf,46,31,org.apache.spark.serializer.KryoSerializer,920.0
2,3989,0.5759486602115741,0.4793662701184923,9,true,true,false,false,lzf,33,57,org.apache.spark.serializer.KryoSerializer,974.0
1,4002,0.48599445632345106,0.49885085415521624,11,true,true,true,true,lz4,11,55,org.apache.spark.serializer.JavaSerializer,860.0
4,1376,0.7520284010885244,0.3668872918409648,5,true,false,true,false,lzf,42,41,org.apache.spark.serializer.JavaSerializer,984.0
2,2980,0.4152182746851071,0.7257083378710746,11,false,false,false,true,lz4,87,60,org.apache.spark.serializer.JavaSerializer,677.0
3,2273,0.12265481942757095,0.8006649171829371,6,false,true,true,true,snappy,88,30,org.apache.spark.serializer.JavaSerializer,992.0
2,1581,0.12399518111790551,0.21501815328399643,9,false,true,false,false,lzf,33,12,org.apache.spark.serializer.JavaSerializer,661.0
2,2297,0.19691312151526896,0.29362474798011584,3,true,true,false,false,lz4,73,17,org.apache.spark.serializer.KryoSerializer,638.0
