executorCores,executorMemory,memoryFraction,memoryStorageFraction,defaultParallelism,shuffleCompress,shuffleSpillCompress,broadcastCompress,rddCompress,ioCompressionCodec,reducerMaxSizeInFlight,shuffleFileBuffer,serializer,PERF
1,1121,0.48532456076478336,0.6994595786347638,11,false,true,false,false,snappy,40,47,org.apache.spark.serializer.JavaSerializer,381.0
4,3150,0.46308858956690924,0.1071788046030826,7,false,true,true,false,lz4,45,27,org.apache.spark.serializer.JavaSerializer,1012.0
3,2930,0.7579130162267586,0.673387857318464,6,false,true,true,true,snappy,52,48,org.apache.spark.serializer.JavaSerializer,1008.0
2,3987,0.6019492735211329,0.8882708837011021,9,true,false,true,true,lz4,33,11,org.apache.spark.serializer.KryoSerializer,967.0
2,2501,0.29320724678286714,0.8808406286631147,4,false,true,true,false,lz4,66,61,org.apache.spark.serializer.KryoSerializer,724.0
4,3954,0.31147487173107646,0.6598337569877434,8,false,true,false,false,lz4,89,55,org.apache.spark.serializer.KryoSerializer,976.0
2,1333,0.18298686480076737,0.4120212609271233,6,false,true,true,false,snappy,89,56,org.apache.spark.serializer.JavaSerializer,628.0
1,1444,0.8190242045809182,0.8759199752206579,10,false,false,true,true,lz4,42,52,org.apache.spark.serializer.KryoSerializer,356.0
1,2233,0.4189873109605555,0.7429354619106697,5,false,false,false,false,lzf,74,27,org.apache.spark.serializer.JavaSerializer,495.0
1,2719,0.5683416457201076,0.23952997427669429,5,false,false,false,true,lz4,74,15,org.apache.spark.serializer.KryoSerializer,756.0
1,3351,0.4894044246545455,0.5727676424170622,8,true,true,true,false,snappy,56,18,org.apache.spark.serializer.JavaSerializer,677.0
2,1139,0.32727844265316475,0.706355480591294,4,false,false,false,false,lzf,61,64,org.apache.spark.serializer.KryoSerializer,638.0
1,1390,0.2771427272443294,0.7607131539338022,2,true,false,true,true,lz4,17,49,org.apache.spark.serializer.KryoSerializer,397.0
3,2499,0.5799828929160781,0.8756376991216548,8,true,false,false,false,lz4,13,47,org.apache.spark.serializer.JavaSerializer,1002.0
3,3334,0.6952332492397993,0.3820994211748018,3,false,true,false,true,lz4,35,39,org.apache.spark.serializer.KryoSerializer,1006.0
1,2288,0.6835765410312071,0.7936191607847397,10,false,false,true,false,snappy,41,29,org.apache.spark.serializer.JavaSerializer,634.0
4,3742,0.37457179736834145,0.18594095550680168,12,true,true,false,true,lzf,68,49,org.apache.spark.serializer.KryoSerializer,971.0
3,1031,0.26193595553801485,0.5687357055691734,10,true,false,false,false,lzf,20,43,org.apache.spark.serializer.KryoSerializer,859.0
3,1793,0.4404528008985442,0.24754616999641793,3,false,false,false,true,lzf,65,8,org.apache.spark.serializer.KryoSerializer,895.0
2,2339,0.2869078078167003,0.7280880010134541,2,true,false,false,false,lzf,57,43,org.apache.spark.serializer.JavaSerializer,735.0
3,3317,0.6019512752099492,0.37138718149981587,6,false,false,false,false,snappy,60,34,org.apache.spark.serializer.JavaSerializer,1018.0
1,1802,0.48120398099485995,0.10150246881566308,8,true,false,true,false,lzf,62,55,org.apache.spark.serializer.JavaSerializer,499.0
1,3862,0.3557609048596848,0.20341119919424067,4,false,false,true,false,lzf,31,54,org.apache.spark.serializer.KryoSerializer,995.0
4,3602,0.8210809800331766,0.8171645052395697,12,true,false,true,true,snappy,61,37,org.apache.spark.serializer.KryoSerializer,837.0
1,1975,0.4631521756434077,0.12112523579788964,8,false,false,false,true,lzf,59,13,org.apache.spark.serializer.JavaSerializer,513.0
4,1641,0.5713968138522052,0.7643091496038606,12,true,false,false,true,lzf,45,17,org.apache.spark.serializer.JavaSerializer,956.0
4,2360,0.44324411221196724,0.5960405392332424,1,false,true,true,true,lzf,33,54,org.apache.spark.serializer.JavaSerializer,874.0
2,3632,0.12238959659368237,0.15618767694433908,3,true,false,false,false,lzf,48,61,org.apache.spark.serializer.JavaSerializer,947.0
4,2362,0.7941308210902167,0.4981591908928883,8,true,true,false,true,snappy,68,41,org.apache.spark.serializer.KryoSerializer,934.0
3,1745,0.52632104621505,0.65351989191346,3,false,true,false,true,lzf,11,24,org.apache.spark.serializer.JavaSerializer,951.0
3,1277,0.2400411115168816,0.4181661435176486,7,true,true,false,true,lzf,88,22,org.apache.spark.serializer.JavaSerializer,974.0
4,2082,0.16727999039479774,0.6784973586729639,2,false,true,true,true,snappy,23,12,org.apache.spark.serializer.KryoSerializer,994.0
3,1801,0.7190620862234277,0.632403601888629,5,false,true,false,false,snappy,23,49,org.apache.spark.serializer.JavaSerializer,1009.0
2,2226,0.7711458423794776,0.36402329226307584,11,true,true,true,false,snappy,31,41,org.apache.spark.serializer.JavaSerializer,679.0
4,3947,0.6093748238881259,0.26384384949958833,9,false,false,true,true,snappy,91,28,org.apache.spark.serializer.JavaSerializer,915.0
1,1410,0.31510580609989636,0.6367222179607891,8,false,false,true,true,snappy,52,35,org.apache.spark.serializer.JavaSerializer,385.0
4,2235,0.5291798883095619,0.4730718492992859,2,false,false,false,false,snappy,96,24,org.apache.spark.serializer.KryoSerializer,1000.0
1,2732,0.6574099238762885,0.6117725600550212,12,false,true,false,true,lz4,76,50,org.apache.spark.serializer.JavaSerializer,624.0
4,2890,0.8275325664509986,0.5120261419626505,7,true,true,false,true,snappy,59,14,org.apache.spark.serializer.KryoSerializer,1005.0
1,1482,0.18611213241955815,0.6727329414115695,11,true,false,true,true,snappy,80,16,org.apache.spark.serializer.JavaSerializer,351.0
3,1437,0.692513914716888,0.14980394193611898,3,false,true,false,false,snappy,56,61,org.apache.spark.serializer.KryoSerializer,991.0
3,1843,0.7098612151079026,0.8028002073282686,5,true,false,false,false,snappy,32,26,org.apache.spark.serializer.JavaSerializer,935.0
2,2725,0.715344084923388,0.5861666783898495,1,true,true,true,true,snappy,77,49,org.apache.spark.serializer.KryoSerializer,714.0
2,3078,0.8647893945523658,0.4542991489029612,11,false,false,false,true,lz4,53,47,org.apache.spark.serializer.KryoSerializer,693.0
1,1135,0.7594436860612465,0.6826035554494303,9,true,false,false,true,lzf,33,39,org.apache.spark.serializer.KryoSerializer,388.0
4,1437,0.32343079557544696,0.4959086441983237,9,true,false,true,false,snappy,88,18,org.apache.spark.serializer.JavaSerializer,958.0
4,3851,0.49134633076375533,0.6567839622329059,3,true,false,true,false,lz4,72,49,org.apache.spark.serializer.KryoSerializer,973.0
3,3541,0.3072136846606923,0.35259414960460767,11,false,true,false,false,snappy,71,40,org.apache.spark.serializer.KryoSerializer,969.0
1,1723,0.18336505508449036,0.4617517385046963,5,true,false,false,true,snappy,61,9,org.apache.spark.serializer.JavaSerializer,532.0
1,4083,0.3285765170951147,0.6704924872140627,5,true,false,false,false,lzf,25,16,org.apache.spark.serializer.KryoSerializer,959.0
1,1645,0.2735828717638945,0.8744350100531307,12,true,true,true,false,lz4,70,60,org.apache.spark.serializer.KryoSerializer,359.0
1,1203,0.8732465392381688,0.5365802116939135,11,true,true,false,true,lz4,55,59,org.apache.spark.serializer.KryoSerializer,388.0
1,3295,0.5423173605188871,0.2873563028971887,8,true,true,true,false,lz4,45,37,org.apache.spark.serializer.JavaSerializer,685.0
3,3749,0.7409937549861366,0.4368340108585861,5,false,false,false,true,lzf,39,54,org.apache.spark.serializer.JavaSerializer,941.0
4,3772,0.5393251170639741,0.8546843623119972,3,false,false,false,true,lz4,8,15,org.apache.spark.serializer.KryoSerializer,985.0
1,2454,0.45699376586547813,0.36514391601084106,5,false,true,false,false,lzf,40,20,org.apache.spark.serializer.JavaSerializer,649.0
4,3212,0.15955791442823763,0.7620941776962081,11,false,true,true,true,snappy,37,30,org.apache.spark.serializer.KryoSerializer,960.0
1,3872,0.3354685091415906,0.2530388534192902,7,true,false,true,false,lz4,63,8,org.apache.spark.serializer.KryoSerializer,748.0
4,2434,0.7299871717368583,0.48967880077043124,2,false,true,false,false,snappy,44,8,org.apache.spark.serializer.KryoSerializer,993.0
2,1209,0.19844947144360844,0.21418691870163498,4,true,false,false,false,lzf,18,20,org.apache.spark.serializer.KryoSerializer,726.0
2,3846,0.13403343942416354,0.24889221979910509,1,true,true,true,true,lz4,92,10,org.apache.spark.serializer.KryoSerializer,1012.0
3,3859,0.7647563160026677,0.40591267153214805,1,true,true,true,false,snappy,15,9,org.apache.spark.serializer.KryoSerializer,997.0
1,2977,0.3024716147464937,0.7123119322112571,11,false,false,false,false,snappy,40,32,org.apache.spark.serializer.KryoSerializer,646.0
4,4096,0.17850403626882888,0.5380158882662486,10,true,false,false,false,lz4,11,60,org.apache.spark.serializer.JavaSerializer,998.0
2,2455,0.6726734528627467,0.38336402601522523,1,false,false,true,false,lzf,70,11,org.apache.spark.serializer.KryoSerializer,651.0
1,3667,0.7453668188708782,0.64406071355368,11,true,false,false,false,lzf,11,50,org.apache.spark.serializer.JavaSerializer,901.0
1,3300,0.8837754939473996,0.6603813347183,9,true,false,false,true,lz4,58,44,org.apache.spark.serializer.KryoSerializer,630.0
1,4047,0.8377893018139181,0.4178832224103133,5,false,false,false,false,lz4,36,61,org.apache.spark.serializer.JavaSerializer,1019.0
2,3918,0.8641841734630756,0.7376263671370005,2,false,true,true,true,lzf,43,33,org.apache.spark.serializer.JavaSerializer,910.0
1,2300,0.7902883780326323,0.41095307687915816,12,false,true,true,false,snappy,15,17,org.apache.spark.serializer.KryoSerializer,605.0
2,2218,0.30958999243366414,0.7533603870778095,1,true,true,true,true,lzf,54,10,org.apache.spark.serializer.KryoSerializer,672.0
2,3468,0.6568869285683903,0.36254900158520387,7,true,false,false,false,lz4,65,26,org.apache.spark.serializer.JavaSerializer,992.0
2,3631,0.4935661930963273,0.6123935851315013,5,false,true,true,true,lz4,42,32,org.apache.spark.serializer.KryoSerializer,812.0
3,2252,0.12995834620307206,0.3331464203530763,12,true,false,false,false,lzf,67,38,org.apache.spark.serializer.JavaSerializer,927.0
3,3310,0.8123317362480426,0.6555542961680143,8,false,false,false,false,snappy,87,23,org.apache.spark.serializer.JavaSerializer,966.0
4,3547,0.6976917638579194,0.8403761545391684,1,true,true,false,true,lz4,39,29,org.apache.spark.serializer.KryoSerializer,994.0
1,1348,0.75798508801265,0.20909102376929367,5,true,true,false,true,snappy,60,36,org.apache.spark.serializer.KryoSerializer,391.0
4,1195,0.6747334624427379,0.6995613654285463,7,false,true,true,true,lz4,22,50,org.apache.spark.serializer.KryoSerializer,991.0
1,2954,0.5076981942550989,0.20087327188292498,1,false,false,false,false,lz4,62,42,org.apache.spark.serializer.JavaSerializer,748.0
3,1562,0.16641594233174076,0.2308364906865803,8,false,true,true,true,lz4,83,22,org.apache.spark.serializer.JavaSerializer,1006.0
3,1341,0.13723294826414556,0.47017547750042965,5,true,false,false,false,lzf,79,58,org.apache.spark.serializer.JavaSerializer,826.0
1,2714,0.8858922826347606,0.22157499338679998,9,true,false,true,false,lzf,29,28,org.apache.spark.serializer.KryoSerializer,675.0
3,1503,0.5222692138389466,0.6087809407661302,1,true,true,false,false,lz4,41,47,org.apache.spark.serializer.KryoSerializer,939.0
4,3927,0.8880901998060551,0.6789078660387096,1,false,true,false,false,lz4,74,55,org.apache.spark.serializer.KryoSerializer,838.0
1,1362,0.3071826100146285,0.8413451627148132,11,true,false,false,true,snappy,75,41,org.apache.spark.serializer.JavaSerializer,332.0
4,1281,0.7407404895826439,0.8468978984436396,10,false,true,true,true,snappy,43,37,org.apache.spark.serializer.JavaSerializer,988.0
4,2028,0.8511466727100157,0.695152438185154,7,true,false,true,true,lzf,53,31,org.apache.spark.serializer.KryoSerializer,876.0
1,1724,0.38411505883674246,0.15171103642333908,9,false,true,true,true,lzf,40,17,org.apache.spark.serializer.JavaSerializer,531.0
2,2517,0.7244201299746138,0.6602599407575368,9,false,true,false,false,snappy,57,27,org.apache.spark.serializer.JavaSerializer,691.0
1,2182,0.5256335885397719,0.8883782025262309,8,true,true,false,false,lz4,62,24,org.apache.spark.serializer.KryoSerializer,492.0
3,2096,0.10399629398118791,0.78464844224671,1,true,false,true,true,snappy,63,17,org.apache.spark.serializer.KryoSerializer,1024.0
3,2057,0.13355919526370663,0.5640975017152264,2,true,false,true,false,lzf,53,40,org.apache.spark.serializer.KryoSerializer,902.0
4,3269,0.4424451781714337,0.5783521043565649,8,true,false,true,true,lz4,33,60,org.apache.spark.serializer.JavaSerializer,949.0
3,3670,0.1967951245914623,0.3966342167652608,2,true,false,true,true,lzf,73,30,org.apache.spark.serializer.JavaSerializer,1010.0
1,3634,0.5681944707919578,0.4247811035711869,6,true,true,false,true,lzf,65,17,org.apache.spark.serializer.KryoSerializer,961.0
2,2385,0.4076612208469682,0.52240686737627,8,true,false,true,true,lzf,76,45,org.apache.spark.serializer.JavaSerializer,698.0
1,1803,0.6891321619495876,0.4260571597454884,1,true,true,true,false,snappy,20,26,org.apache.spark.serializer.KryoSerializer,487.0
1,2738,0.6128848173106995,0.4582331054850388,3,false,false,true,false,lzf,71,17,org.apache.spark.serializer.JavaSerializer,726.0
3,2151,0.47822454301395556,0.5080381344021823,9,true,false,false,false,lz4,27,30,org.apache.spark.serializer.JavaSerializer,950.0
1,3049,0.4458406093261349,0.7978217541652204,2,false,false,true,true,lzf,29,56,org.apache.spark.serializer.KryoSerializer,686.0
2,2265,0.3969970120998826,0.16413895566870468,10,true,true,true,true,snappy,9,15,org.apache.spark.serializer.JavaSerializer,669.0
2,2603,0.4491621886337025,0.4598129421539605,4,true,false,false,true,lz4,84,20,org.apache.spark.serializer.JavaSerializer,707.0
4,1249,0.5477155073072691,0.7610826042553696,3,false,true,true,false,snappy,10,23,org.apache.spark.serializer.JavaSerializer,1089.0
1,2692,0.5636975169762993,0.595673612783229,10,false,false,true,true,lzf,85,40,org.apache.spark.serializer.JavaSerializer,627.0
4,2329,0.8398472453713471,0.7774494037898912,9,false,true,false,true,lz4,32,26,org.apache.spark.serializer.JavaSerializer,982.0
3,3508,0.3257495731562141,0.2951320036624703,7,true,true,false,false,lzf,68,16,org.apache.spark.serializer.KryoSerializer,856.0
3,3013,0.5813157391770125,0.3426110001078475,5,true,true,true,true,snappy,42,51,org.apache.spark.serializer.KryoSerializer,993.0
2,3753,0.5758229581102331,0.3255729797218543,5,true,false,true,false,lzf,8,38,org.apache.spark.serializer.JavaSerializer,885.0
1,2956,0.1230080695040293,0.17458754611975272,7,true,false,true,true,lz4,80,48,org.apache.spark.serializer.JavaSerializer,698.0
2,3651,0.7825750030469145,0.37360132592437323,5,true,true,false,false,lz4,93,24,org.apache.spark.serializer.JavaSerializer,1044.0
1,1808,0.6470707263299761,0.527909456247806,2,false,true,false,false,lzf,32,31,org.apache.spark.serializer.KryoSerializer,506.0
1,3299,0.49621969591783976,0.6487208190294473,2,true,false,true,true,lzf,85,24,org.apache.spark.serializer.JavaSerializer,733.0
4,2860,0.6699814854737987,0.509270860082402,4,true,false,true,true,lzf,63,21,org.apache.spark.serializer.KryoSerializer,1004.0
3,2060,0.45180837978631583,0.1965637617326711,7,false,false,false,false,snappy,46,45,org.apache.spark.serializer.KryoSerializer,775.0
1,3693,0.6458900924906483,0.558360843196215,1,false,true,false,true,snappy,24,50,org.apache.spark.serializer.KryoSerializer,934.0
3,2317,0.17007964542485254,0.14466399159429227,3,true,true,true,false,snappy,11,58,org.apache.spark.serializer.KryoSerializer,979.0
2,3941,0.7248575075570977,0.857116361326057,7,false,true,false,true,lzf,48,53,org.apache.spark.serializer.JavaSerializer,911.0
1,1255,0.4694666930533059,0.826693364218117,4,true,false,true,false,snappy,37,35,org.apache.spark.serializer.KryoSerializer,419.0
1,3415,0.41240813132548215,0.8105324167404658,10,false,true,true,true,lzf,59,48,org.apache.spark.serializer.KryoSerializer,915.0
1,3847,0.22046644870020016,0.6347850061410585,3,true,false,false,false,lzf,39,15,org.apache.spark.serializer.JavaSerializer,913.0
2,3449,0.5327048692038011,0.6898012338357306,11,true,false,false,true,lzf,89,56,org.apache.spark.serializer.JavaSerializer,870.0
1,3565,0.12130129443416893,0.5806751907529206,4,false,true,true,true,snappy,51,13,org.apache.spark.serializer.KryoSerializer,948.0
3,3135,0.37565277365191163,0.5960587496603102,7,false,true,false,false,snappy,81,25,org.apache.spark.serializer.KryoSerializer,909.0
1,1938,0.8432416993189883,0.8812693996741043,11,true,false,false,false,lzf,44,24,org.apache.spark.serializer.JavaSerializer,526.0
4,1283,0.6528418522332624,0.5322899071179672,1,true,false,true,true,snappy,36,32,org.apache.spark.serializer.KryoSerializer,998.0
2,3357,0.5375745262345045,0.7051817338887172,6,true,false,false,true,lzf,86,23,org.apache.spark.serializer.KryoSerializer,645.0
4,3407,0.2103645900546284,0.5243713411941129,1,true,false,true,true,lz4,64,15,org.apache.spark.serializer.KryoSerializer,1001.0
2,2371,0.7596121246846854,0.11248434509563161,6,false,true,false,true,lzf,89,10,org.apache.spark.serializer.JavaSerializer,592.0
2,3079,0.4398256684978381,0.20752626904929006,12,false,true,true,true,lzf,70,50,org.apache.spark.serializer.KryoSerializer,670.0
3,1443,0.18890939928467915,0.7306479022866654,3,true,false,true,false,lzf,87,18,org.apache.spark.serializer.JavaSerializer,1020.0
3,3481,0.6651728745824552,0.41308322620431237,6,true,false,false,false,snappy,25,34,org.apache.spark.serializer.KryoSerializer,894.0
4,3849,0.49469781788466016,0.6300966450375126,5,true,true,false,true,lzf,34,32,org.apache.spark.serializer.JavaSerializer,988.0
4,3617,0.1223353551505511,0.6316449946609911,2,false,false,true,false,lzf,38,43,org.apache.spark.serializer.KryoSerializer,983.0
3,2313,0.6626781893360904,0.836979495970518,9,false,false,false,false,snappy,89,54,org.apache.spark.serializer.KryoSerializer,977.0
2,3245,0.14672503241725307,0.30225348921358064,4,true,true,false,true,lzf,38,62,org.apache.spark.serializer.KryoSerializer,735.0
3,1294,0.2335382289483583,0.43806957573650096,8,false,false,true,true,snappy,71,35,org.apache.spark.serializer.JavaSerializer,947.0
3,1099,0.6872694144455909,0.8156133193237894,11,false,false,true,false,snappy,64,46,org.apache.spark.serializer.KryoSerializer,782.0
1,1665,0.19468223183066852,0.8214911971525137,9,true,true,true,false,snappy,28,50,org.apache.spark.serializer.JavaSerializer,387.0
3,2982,0.517365671922862,0.5217271742897365,9,false,false,false,true,snappy,68,56,org.apache.spark.serializer.JavaSerializer,971.0
3,2138,0.23840543915052237,0.3888242805356271,10,false,false,true,true,lzf,50,64,org.apache.spark.serializer.KryoSerializer,891.0
1,2358,0.6494228739129614,0.530621907458332,8,false,false,false,false,lz4,19,40,org.apache.spark.serializer.JavaSerializer,703.0
3,2659,0.4968408226387808,0.5705574480615043,7,false,false,true,false,snappy,38,15,org.apache.spark.serializer.KryoSerializer,982.0
1,4092,0.8616080583986278,0.447420177548706,1,false,false,true,true,lz4,48,48,org.apache.spark.serializer.KryoSerializer,765.0
4,4038,0.7530833328403225,0.5263481341124961,5,false,true,false,false,snappy,65,15,org.apache.spark.serializer.JavaSerializer,916.0
1,1424,0.3475229335396386,0.1016679094786631,12,true,false,true,false,lzf,83,18,org.apache.spark.serializer.JavaSerializer,391.0
3,3713,0.8234132905362762,0.8211157538048026,5,true,false,true,false,lz4,59,37,org.apache.spark.serializer.JavaSerializer,981.0
4,1916,0.7987690060884008,0.2905510312479794,6,true,true,true,true,lz4,44,42,org.apache.spark.serializer.JavaSerializer,994.0
3,1382,0.2869728181266254,0.4122652303569979,3,true,true,true,false,lz4,28,19,org.apache.spark.serializer.JavaSerializer,1009.0
1,1673,0.7332093882270997,0.6008677856525948,7,false,true,true,false,snappy,38,50,org.apache.spark.serializer.JavaSerializer,381.0
2,2019,0.5195294750824017,0.38573592306633686,9,false,true,false,false,lzf,83,11,org.apache.spark.serializer.KryoSerializer,684.0
4,3781,0.4943279107076418,0.5261286315510583,11,true,false,true,false,snappy,13,37,org.apache.spark.serializer.KryoSerializer,981.0
1,3906,0.7326287990326512,0.7395208334605853,2,false,false,true,false,lz4,37,30,org.apache.spark.serializer.KryoSerializer,843.0
3,2849,0.6439786693306412,0.4432076559250223,2,false,true,true,false,lzf,32,12,org.apache.spark.serializer.JavaSerializer,937.0
4,1629,0.7128259056526239,0.5613337831230305,4,true,false,true,false,snappy,93,14,org.apache.spark.serializer.JavaSerializer,927.0
3,1332,0.4748206372543605,0.215381619942485,10,true,true,false,true,snappy,79,52,org.apache.spark.serializer.KryoSerializer,932.0
1,2998,0.8198904113508395,0.7727892826061813,6,true,false,true,false,lzf,34,51,org.apache.spark.serializer.KryoSerializer,731.0
3,3356,0.46776207818176985,0.8023165273334294,1,true,false,true,true,lzf,20,48,org.apache.spark.serializer.JavaSerializer,1020.0
3,3393,0.4820418411232673,0.8095518708402841,11,true,true,false,false,snappy,92,53,org.apache.spark.serializer.KryoSerializer,751.0
3,1652,0.4442244059821093,0.3732356256252142,12,false,true,false,true,lzf,53,43,org.apache.spark.serializer.KryoSerializer,831.0
3,2622,0.13912751425451964,0.20880877973438522,2,true,true,true,false,snappy,44,18,org.apache.spark.serializer.JavaSerializer,1013.0
4,3981,0.6454064935599393,0.5400488296397752,3,false,false,true,true,snappy,16,53,org.apache.spark.serializer.KryoSerializer,999.0
4,3956,0.7529624064955008,0.7566358030247134,9,false,false,true,false,lzf,15,23,org.apache.spark.serializer.KryoSerializer,998.0
4,1766,0.25742677335581676,0.48078652831406654,1,true,true,true,false,snappy,29,45,org.apache.spark.serializer.JavaSerializer,1024.0
3,3345,0.27189447851264625,0.8851401205512572,8,false,true,true,true,lzf,17,63,org.apache.spark.serializer.KryoSerializer,992.0
4,3116,0.3198476877828716,0.6622443279562378,2,true,false,true,false,lz4,19,49,org.apache.spark.serializer.JavaSerializer,1013.0
3,1660,0.20806132698129948,0.24066631584182813,6,false,true,false,true,lz4,30,52,org.apache.spark.serializer.JavaSerializer,926.0
3,3931,0.773469902526867,0.13239107372036757,2,false,true,false,false,snappy,60,33,org.apache.spark.serializer.JavaSerializer,987.0
1,1587,0.32460510918729035,0.7124915542603399,10,false,false,true,true,snappy,53,45,org.apache.spark.serializer.JavaSerializer,362.0
4,3971,0.1941948846649277,0.19809290379513406,2,true,true,false,false,lzf,34,22,org.apache.spark.serializer.JavaSerializer,998.0
2,3715,0.309441610520796,0.7245738738811227,9,true,false,false,true,lzf,27,19,org.apache.spark.serializer.KryoSerializer,943.0
3,2579,0.1279515459123081,0.48014004205085714,11,true,true,false,true,snappy,20,22,org.apache.spark.serializer.JavaSerializer,944.0
2,2026,0.5161249005287633,0.7345753939460379,11,true,true,true,true,snappy,66,59,org.apache.spark.serializer.JavaSerializer,599.0
4,2068,0.7879183875993473,0.8259852907998493,11,true,true,true,true,lzf,57,41,org.apache.spark.serializer.KryoSerializer,945.0
3,2711,0.31803495854475616,0.7850641311526728,7,false,true,true,false,lzf,62,21,org.apache.spark.serializer.KryoSerializer,995.0
4,3395,0.7950836936815098,0.617839070778399,7,true,true,false,true,snappy,62,22,org.apache.spark.serializer.JavaSerializer,1004.0
2,2984,0.3106237992280714,0.853686500043505,11,true,true,true,true,lz4,28,42,org.apache.spark.serializer.JavaSerializer,648.0
4,2475,0.5100176393576932,0.6896659667462134,11,false,true,true,true,lzf,92,30,org.apache.spark.serializer.JavaSerializer,977.0
1,4068,0.3103816158031517,0.3111236893902719,9,true,false,false,false,lzf,57,44,org.apache.spark.serializer.KryoSerializer,839.0
2,1242,0.79258102485944,0.3764493536323462,2,true,true,true,true,lzf,21,19,org.apache.spark.serializer.JavaSerializer,730.0
3,3159,0.42221898339115105,0.23493629753914416,3,false,true,false,true,lz4,40,33,org.apache.spark.serializer.KryoSerializer,1016.0
2,2056,0.594077986223652,0.15810147989499976,5,false,true,true,false,snappy,17,34,org.apache.spark.serializer.KryoSerializer,567.0
3,2711,0.36919727641838895,0.453806102962912,11,false,true,false,false,lzf,65,53,org.apache.spark.serializer.KryoSerializer,977.0
1,1222,0.5998048962702541,0.15874715719124233,1,false,false,true,false,lz4,10,59,org.apache.spark.serializer.KryoSerializer,425.0
4,2257,0.3297975529396949,0.1888411388160016,10,false,false,true,false,lz4,88,51,org.apache.spark.serializer.JavaSerializer,965.0
1,2724,0.5750940975787996,0.15987646642760842,8,false,false,false,false,lzf,33,22,org.apache.spark.serializer.KryoSerializer,640.0
3,1930,0.2472428843153022,0.11523756785329892,2,false,true,false,true,lzf,19,24,org.apache.spark.serializer.JavaSerializer,1013.0
2,3523,0.6209158786802144,0.4278510919380246,2,true,true,true,true,snappy,94,27,org.apache.spark.serializer.KryoSerializer,890.0
3,2969,0.31285318079530366,0.15880357042722437,7,false,true,false,true,lzf,43,19,org.apache.spark.serializer.KryoSerializer,924.0
4,2802,0.3694448875466334,0.20507876293699603,3,true,false,false,true,lz4,84,49,org.apache.spark.serializer.KryoSerializer,990.0
3,1897,0.8053026462786305,0.4225100566484411,6,false,true,false,false,lz4,85,14,org.apache.spark.serializer.KryoSerializer,1036.0
2,2923,0.7519588721729179,0.5562176903697974,6,true,false,false,true,lz4,31,33,org.apache.spark.serializer.KryoSerializer,730.0
4,3588,0.44782789821899693,0.5381569306786328,1,false,false,true,true,lz4,46,25,org.apache.spark.serializer.JavaSerializer,896.0
2,2535,0.7539150608660617,0.6423803254315235,10,true,true,false,true,snappy,68,36,org.apache.spark.serializer.KryoSerializer,682.0
3,2282,0.381593285170276,0.7109468261356727,2,false,true,false,true,lz4,49,39,org.apache.spark.serializer.KryoSerializer,951.0
2,1522,0.7222809592229854,0.47862288651553386,1,true,true,false,false,snappy,26,11,org.apache.spark.serializer.KryoSerializer,649.0
3,1287,0.368862193093337,0.11668941119451955,9,false,false,false,true,lz4,91,22,org.apache.spark.serializer.JavaSerializer,980.0
3,3646,0.33993344384215274,0.5366488820174101,10,false,false,true,false,snappy,75,39,org.apache.spark.serializer.KryoSerializer,960.0
3,3408,0.854630083641748,0.37667136311323257,6,false,false,false,true,snappy,36,39,org.apache.spark.serializer.KryoSerializer,1025.0
2,3709,0.19002324211519295,0.6554111554007155,8,false,true,false,false,lz4,10,31,org.apache.spark.serializer.JavaSerializer,959.0
2,1661,0.6896531122594635,0.4231171863567925,3,true,true,true,false,lzf,53,61,org.apache.spark.serializer.JavaSerializer,724.0
3,2608,0.8321599712597677,0.4620250947212242,6,true,true,false,false,lzf,45,42,org.apache.spark.serializer.KryoSerializer,949.0
3,2871,0.8421212991448109,0.35474975642885387,6,false,true,false,false,lzf,81,26,org.apache.spark.serializer.KryoSerializer,850.0
4,3666,0.5330376490664887,0.844504378288081,12,false,true,true,true,lz4,94,24,org.apache.spark.serializer.JavaSerializer,934.0
3,4018,0.27850597822902434,0.34053263183319765,1,true,false,true,false,lz4,69,26,org.apache.spark.serializer.KryoSerializer,970.0
2,1133,0.8221502416801123,0.6883407162335571,4,false,true,false,true,lzf,30,13,org.apache.spark.serializer.KryoSerializer,703.0
4,1128,0.22620428797529046,0.5833196738554299,8,false,true,true,false,lzf,45,56,org.apache.spark.serializer.JavaSerializer,910.0
1,3532,0.3431340488418771,0.5811722655288635,7,true,false,true,true,lzf,9,55,org.apache.spark.serializer.KryoSerializer,893.0
1,2916,0.26019870872627743,0.7955448106105921,1,false,false,true,false,lz4,39,46,org.apache.spark.serializer.KryoSerializer,726.0
3,3249,0.20980448644195715,0.6298202970987952,3,false,true,false,false,snappy,42,39,org.apache.spark.serializer.KryoSerializer,1020.0
3,2071,0.8983062568908723,0.5480858973584918,10,true,true,true,true,lzf,95,38,org.apache.spark.serializer.KryoSerializer,956.0
3,2053,0.12251850562475682,0.7208333234205873,12,false,false,false,false,lz4,92,9,org.apache.spark.serializer.JavaSerializer,923.0
1,2136,0.8919127156903095,0.7363855709530348,8,true,true,true,false,lzf,68,9,org.apache.spark.serializer.KryoSerializer,497.0
1,2529,0.8203447218623231,0.8868650948578639,4,true,true,false,false,lz4,10,43,org.apache.spark.serializer.JavaSerializer,719.0
2,1800,0.3443100180230958,0.7526269006313208,11,true,false,true,false,lz4,44,53,org.apache.spark.serializer.JavaSerializer,645.0
3,2134,0.6955698822842364,0.6307675952710152,7,false,false,true,false,lz4,14,48,org.apache.spark.serializer.KryoSerializer,939.0
2,1864,0.698844552561108,0.38485357134120635,5,true,false,true,true,snappy,53,47,org.apache.spark.serializer.KryoSerializer,707.0
4,2607,0.14959323568084157,0.4336297485734465,6,true,false,false,false,lz4,24,42,org.apache.spark.serializer.KryoSerializer,999.0
2,1815,0.2910682530107118,0.24197208067248913,3,false,true,false,false,lz4,67,34,org.apache.spark.serializer.KryoSerializer,732.0
4,2721,0.6063455620742386,0.64303246550452,9,true,false,true,false,lzf,96,57,org.apache.spark.serializer.JavaSerializer,1080.0
4,2571,0.32609745811023877,0.22643288439358342,10,false,false,false,false,lzf,73,18,org.apache.spark.serializer.JavaSerializer,908.0
2,4075,0.8941421227607983,0.719004576190704,10,true,false,true,false,lzf,51,58,org.apache.spark.serializer.JavaSerializer,893.0
1,1864,0.5627680111224852,0.406112029792815,8,true,false,false,false,lz4,83,57,org.apache.spark.serializer.JavaSerializer,456.0
1,1137,0.5791281387710139,0.7139600372228134,2,true,true,false,true,lzf,56,42,org.apache.spark.serializer.KryoSerializer,462.0
2,2751,0.17597210111678657,0.2986618824402945,11,false,false,false,true,lzf,77,10,org.apache.spark.serializer.KryoSerializer,681.0
4,3025,0.5004728349227411,0.3548412557353785,1,false,false,false,false,snappy,20,57,org.apache.spark.serializer.JavaSerializer,994.0
1,2912,0.14569255467595285,0.3309873439962504,7,true,true,false,false,lzf,46,37,org.apache.spark.serializer.KryoSerializer,589.0
2,3855,0.5077106344789251,0.7896503711880749,6,false,false,false,true,lz4,77,9,org.apache.spark.serializer.KryoSerializer,983.0
1,1658,0.4025719273724485,0.5215352216790644,9,false,false,true,true,snappy,73,18,org.apache.spark.serializer.JavaSerializer,393.0
1,3918,0.1122316397829434,0.1583182760152119,6,false,true,false,true,lzf,56,42,org.apache.spark.serializer.JavaSerializer,979.0
2,3918,0.44936109234501276,0.13930459509002563,10,false,false,false,true,lzf,47,16,org.apache.spark.serializer.KryoSerializer,815.0
4,2088,0.30590818492275396,0.8204136480701067,7,true,false,true,true,snappy,9,54,org.apache.spark.serializer.KryoSerializer,972.0
4,1852,0.868739259836877,0.5233083128565025,1,false,false,true,true,lzf,18,42,org.apache.spark.serializer.KryoSerializer,953.0
4,2589,0.2249583078239774,0.12229739139707396,8,true,true,false,false,lzf,92,54,org.apache.spark.serializer.JavaSerializer,927.0
4,1412,0.28562952462359714,0.6793154945112448,11,true,false,false,true,snappy,67,47,org.apache.spark.serializer.JavaSerializer,998.0
1,2856,0.41065129775124454,0.6582704336438725,1,true,false,true,false,snappy,83,39,org.apache.spark.serializer.KryoSerializer,718.0
4,3321,0.692322940440246,0.3271328345918019,5,true,false,false,false,snappy,56,27,org.apache.spark.serializer.JavaSerializer,990.0
1,3163,0.5416475970357457,0.23853572909618387,12,true,true,true,false,lzf,30,57,org.apache.spark.serializer.JavaSerializer,595.0
1,1461,0.18718696372612414,0.8719602515990161,4,true,false,true,false,lzf,95,18,org.apache.spark.serializer.JavaSerializer,407.0
3,1097,0.4657658503972172,0.6368482296697646,11,true,false,false,true,snappy,51,49,org.apache.spark.serializer.JavaSerializer,955.0
3,1487,0.844153349877545,0.7353871300410103,3,true,false,true,false,lzf,70,27,org.apache.spark.serializer.JavaSerializer,925.0
2,2379,0.3795325234090411,0.5539054104362026,10,false,false,false,true,snappy,90,30,org.apache.spark.serializer.JavaSerializer,628.0
1,2855,0.6965948252381922,0.21999006413730832,3,false,true,true,false,lzf,96,19,org.apache.spark.serializer.JavaSerializer,715.0
1,2774,0.4775951129089627,0.5953292820190847,12,false,false,true,true,lzf,29,49,org.apache.spark.serializer.KryoSerializer,670.0
3,1183,0.8202774524578399,0.5674506398056459,9,false,false,true,true,lzf,48,51,org.apache.spark.serializer.KryoSerializer,964.0
1,3368,0.1545310259055822,0.21534504937695678,1,true,false,true,true,lzf,56,64,org.apache.spark.serializer.JavaSerializer,625.0
2,2549,0.18659836809275143,0.6031726089913346,7,false,false,false,false,lzf,93,51,org.apache.spark.serializer.KryoSerializer,718.0
3,1803,0.880461880588853,0.25934592202042095,12,true,true,false,true,snappy,32,33,org.apache.spark.serializer.KryoSerializer,954.0
3,2257,0.6610104402363272,0.15430467760278105,10,true,false,true,true,snappy,67,18,org.apache.spark.serializer.JavaSerializer,774.0
3,3916,0.8544186946103894,0.24753883684438033,2,true,false,false,true,lz4,70,13,org.apache.spark.serializer.KryoSerializer,990.0
2,2960,0.7770947170578278,0.6955917264293426,1,false,false,true,true,lzf,86,59,org.apache.spark.serializer.JavaSerializer,653.0
4,2324,0.1905693406497968,0.24007360201400837,4,true,false,true,true,lz4,10,58,org.apache.spark.serializer.JavaSerializer,898.0
1,2097,0.2086262463864751,0.8658087517579727,12,true,true,true,true,snappy,53,45,org.apache.spark.serializer.KryoSerializer,484.0
3,1395,0.7222631347912898,0.19591902468107023,6,true,false,false,false,lz4,55,44,org.apache.spark.serializer.JavaSerializer,961.0
1,3863,0.8122571070733016,0.3576000693586513,12,true,true,true,false,lz4,55,36,org.apache.spark.serializer.KryoSerializer,951.0
2,3191,0.5960079604383014,0.7181002149625597,10,false,false,false,false,snappy,32,18,org.apache.spark.serializer.KryoSerializer,676.0
2,3004,0.39070827236143146,0.6720497945541309,1,true,true,true,true,lzf,86,36,org.apache.spark.serializer.JavaSerializer,715.0
4,1277,0.4263750973876065,0.14310991705543774,10,true,false,false,false,lz4,58,46,org.apache.spark.serializer.KryoSerializer,975.0
4,1869,0.21270174149982912,0.20333301363912748,10,true,true,false,true,snappy,27,56,org.apache.spark.serializer.KryoSerializer,778.0
2,2916,0.3703809549805851,0.12941751457034487,5,false,false,false,false,lz4,48,16,org.apache.spark.serializer.KryoSerializer,670.0
2,1774,0.5822497105209399,0.6410664940078384,6,true,true,false,false,snappy,17,49,org.apache.spark.serializer.JavaSerializer,712.0
2,2405,0.4857610002909344,0.7753116829564618,10,true,false,true,true,lz4,51,47,org.apache.spark.serializer.JavaSerializer,674.0
3,2893,0.845820988769421,0.48493318739896296,12,true,false,true,false,snappy,9,52,org.apache.spark.serializer.JavaSerializer,889.0
4,2608,0.28089575661081334,0.4522947610754956,8,false,false,true,true,lzf,69,33,org.apache.spark.serializer.KryoSerializer,970.0
4,3586,0.4530352882833605,0.8075597391804876,7,true,false,true,false,lzf,64,41,org.apache.spark.serializer.KryoSerializer,917.0
2,3712,0.5437291440801895,0.21666241276341935,5,false,true,true,false,snappy,33,30,org.apache.spark.serializer.KryoSerializer,993.0
3,3306,0.13310466089035639,0.524906161154686,8,false,false,false,false,lz4,12,49,org.apache.spark.serializer.JavaSerializer,980.0
1,2335,0.3427416652142351,0.13870348950116285,6,true,true,false,true,lzf,86,42,org.apache.spark.serializer.JavaSerializer,663.0
3,3591,0.8102841565923588,0.13325577042542128,2,false,true,false,false,lzf,86,48,org.apache.spark.serializer.JavaSerializer,1009.0
4,3206,0.15289864668610795,0.31193733364096143,2,true,true,false,true,lzf,67,36,org.apache.spark.serializer.JavaSerializer,784.0
3,1211,0.8757472654689339,0.5187214634602042,10,false,false,true,false,lzf,96,13,org.apache.spark.serializer.JavaSerializer,963.0
2,1959,0.6917868096764146,0.16494894957589884,5,true,false,true,true,snappy,29,20,org.apache.spark.serializer.KryoSerializer,647.0
3,3424,0.3348769162735882,0.25318297877442,8,true,false,false,false,snappy,61,56,org.apache.spark.serializer.KryoSerializer,967.0
3,3779,0.5665753838252651,0.17006122236905785,9,false,true,false,false,snappy,79,10,org.apache.spark.serializer.JavaSerializer,837.0
2,1063,0.8413268956362708,0.5801544381347143,1,false,true,true,false,snappy,55,47,org.apache.spark.serializer.JavaSerializer,725.0
2,3798,0.7789813463098901,0.8603332052514122,7,false,false,false,true,lz4,10,55,org.apache.spark.serializer.JavaSerializer,953.0
3,2062,0.8365374790245069,0.4712703694608119,5,true,false,true,false,snappy,33,46,org.apache.spark.serializer.KryoSerializer,997.0
2,2308,0.7703238993755087,0.30310568131112836,3,false,true,false,true,lz4,61,59,org.apache.spark.serializer.KryoSerializer,677.0
1,1103,0.8908447743253921,0.27933765021564705,10,false,true,false,false,lzf,36,17,org.apache.spark.serializer.KryoSerializer,366.0
1,2909,0.1971380052082104,0.7748260136910476,5,false,true,false,false,snappy,84,32,org.apache.spark.serializer.JavaSerializer,705.0
2,2773,0.7869746371614351,0.8771296950303618,7,true,false,false,false,lz4,36,48,org.apache.spark.serializer.JavaSerializer,732.0
1,1956,0.14893660359081615,0.8153520129642321,12,true,false,true,true,lz4,45,9,org.apache.spark.serializer.KryoSerializer,506.0
1,1817,0.31076013148805837,0.823151280808739,10,false,true,true,true,snappy,37,43,org.apache.spark.serializer.KryoSerializer,565.0
2,3892,0.3183154307513014,0.6250842161462222,1,false,true,false,true,lz4,93,20,org.apache.spark.serializer.KryoSerializer,1018.0
4,3608,0.7151263492695571,0.3581399812107662,8,false,true,false,false,lz4,41,39,org.apache.spark.serializer.KryoSerializer,777.0
4,1310,0.20521090087277669,0.7536943092868115,9,false,false,false,false,snappy,87,47,org.apache.spark.serializer.JavaSerializer,857.0
4,2180,0.7461866026522762,0.2514549240024716,8,false,false,true,true,lz4,51,48,org.apache.spark.serializer.JavaSerializer,971.0
4,2513,0.5481996915678577,0.48400654065717064,9,false,true,true,true,lzf,96,59,org.apache.spark.serializer.KryoSerializer,927.0
3,2762,0.5701083701002021,0.5146591204543894,3,true,false,false,false,lzf,20,60,org.apache.spark.serializer.JavaSerializer,941.0
4,1185,0.5113863367742604,0.43296856422556385,10,true,false,false,true,lzf,10,25,org.apache.spark.serializer.JavaSerializer,916.0
2,2278,0.22228130829238557,0.6573218663262741,9,false,false,true,false,snappy,62,35,org.apache.spark.serializer.KryoSerializer,659.0
2,3912,0.7839877186215662,0.3018323882785009,12,true,false,false,false,lz4,28,64,org.apache.spark.serializer.JavaSerializer,981.0
4,2772,0.721748468528381,0.7414837182140195,3,true,true,true,true,snappy,27,44,org.apache.spark.serializer.JavaSerializer,942.0
2,1102,0.8109096361277719,0.6772853785523105,11,false,false,false,true,snappy,52,58,org.apache.spark.serializer.JavaSerializer,645.0
4,2990,0.3154810396264969,0.4446251437112926,2,true,false,true,false,snappy,25,36,org.apache.spark.serializer.JavaSerializer,1020.0
2,2856,0.26059164995692286,0.6956467311113073,12,true,true,true,false,lz4,61,62,org.apache.spark.serializer.JavaSerializer,645.0
2,1795,0.3092548626195345,0.18510971456020828,9,true,false,true,true,lz4,36,18,org.apache.spark.serializer.JavaSerializer,677.0
1,3452,0.5834897705170924,0.5970463040473506,3,false,true,false,false,snappy,12,9,org.apache.spark.serializer.KryoSerializer,990.0
1,3712,0.8413928818446412,0.5525811991032458,2,true,false,false,false,lz4,79,31,org.apache.spark.serializer.JavaSerializer,1046.0
1,1981,0.2027833908176768,0.7079937277586981,4,true,false,true,true,lz4,91,16,org.apache.spark.serializer.KryoSerializer,506.0
3,2864,0.7955821294115107,0.639119632626132,11,true,false,true,true,lzf,49,60,org.apache.spark.serializer.KryoSerializer,960.0
